title,url
4-Point Probe Resistivity Mapper,https://wiki.nanofab.ucsb.edu/wiki/4-Point_Probe_Resistivity_Mapper
ADT 7100 - Initial Setup Before Cutting,https://wiki.nanofab.ucsb.edu/wiki/ADT_7100_-_Initial_Setup_Before_Cutting
ADT 7100 - Recovering an Old Recipe (2019),https://wiki.nanofab.ucsb.edu/wiki/ADT_7100_-_Recovering_an_Old_Recipe_(2019)
ADT UV-Tape Table 1042R,https://wiki.nanofab.ucsb.edu/wiki/ADT_UV-Tape_Table_1042R
AFM-based Nanolithography Tool (NanoMan),https://wiki.nanofab.ucsb.edu/wiki/AFM-based_Nanolithography_Tool_(NanoMan)
ASML 5500: Choose Marks for Prealignment,https://wiki.nanofab.ucsb.edu/wiki/ASML_5500:_Choose_Marks_for_Prealignment
ASML 5500: Recovering from a Typo in Reticle ID,https://wiki.nanofab.ucsb.edu/wiki/ASML_5500:_Recovering_from_a_Typo_in_Reticle_ID
ASML 5500: Recovering from an Error,https://wiki.nanofab.ucsb.edu/wiki/ASML_5500:_Recovering_from_an_Error
ASML DUV,https://wiki.nanofab.ucsb.edu/wiki/ASML_DUV
ASML DUV: Edge Bead Removal via Photolithography,https://wiki.nanofab.ucsb.edu/wiki/ASML_DUV:_Edge_Bead_Removal_via_Photolithography
ASML Stepper 3 - Job Creator,https://wiki.nanofab.ucsb.edu/wiki/ASML_Stepper_3_-_Job_Creator
ASML Stepper 3 - Substrates smaller than 100mm/4-inch,https://wiki.nanofab.ucsb.edu/wiki/ASML_Stepper_3_-_Substrates_smaller_than_100mm/4-inch
ASML Stepper 3 - UCSB Test Reticles,https://wiki.nanofab.ucsb.edu/wiki/ASML_Stepper_3_-_UCSB_Test_Reticles
ASML Stepper 3 Dicing Guide Programming,https://wiki.nanofab.ucsb.edu/wiki/ASML_Stepper_3_Dicing_Guide_Programming
"ASML Stepper 3 Error Recovery, Troubleshooting and Calibration","https://wiki.nanofab.ucsb.edu/wiki/ASML_Stepper_3_Error_Recovery,_Troubleshooting_and_Calibration"
ASML Stepper 3 Standard Operating Procedure,https://wiki.nanofab.ucsb.edu/wiki/ASML_Stepper_3_Standard_Operating_Procedure
ASML Stepper 3: Wafer Handler Reset Procedure,https://wiki.nanofab.ucsb.edu/wiki/ASML_Stepper_3:_Wafer_Handler_Reset_Procedure
AUTOSTEP 200-PIECES 1st litho BL and BR orientation.pptx,https://wiki.nanofab.ucsb.edu/wiki/AUTOSTEP_200-PIECES_1st_litho_BL_and_BR_orientation.pptx
AUTOSTEP 200-PIECES instruction 6-20-19.pptx,https://wiki.nanofab.ucsb.edu/wiki/AUTOSTEP_200-PIECES_instruction_6-20-19.pptx
AZ5214 - Basic Process,https://wiki.nanofab.ucsb.edu/wiki/AZ5214_-_Basic_Process
Adam Abrahamsen,https://wiki.nanofab.ucsb.edu/wiki/Adam_Abrahamsen
Advanced PECVD Recipes,https://wiki.nanofab.ucsb.edu/wiki/Advanced_PECVD_Recipes
Aidan Hopkins,https://wiki.nanofab.ucsb.edu/wiki/Aidan_Hopkins
Amscope Quickstart Usage Guide,https://wiki.nanofab.ucsb.edu/wiki/Amscope_Quickstart_Usage_Guide
Ashers (Technics PEII),https://wiki.nanofab.ucsb.edu/wiki/Ashers_(Technics_PEII)
Atomic Force Microscope (Bruker ICON),https://wiki.nanofab.ucsb.edu/wiki/Atomic_Force_Microscope_(Bruker_ICON)
Atomic Force Microscope (Dimension 3100/Nanoscope IVA),https://wiki.nanofab.ucsb.edu/wiki/Atomic_Force_Microscope_(Dimension_3100/Nanoscope_IVA)
Atomic Force Microsope (Dimension 3100/Nanoscope IVA),https://wiki.nanofab.ucsb.edu/wiki/Atomic_Force_Microsope_(Dimension_3100/Nanoscope_IVA)
Atomic Layer Deposision (Oxford FlexAL),https://wiki.nanofab.ucsb.edu/wiki/Atomic_Layer_Deposision_(Oxford_FlexAL)
Atomic Layer Deposition (Oxford FlexAL),https://wiki.nanofab.ucsb.edu/wiki/Atomic_Layer_Deposition_(Oxford_FlexAL)
Atomic Layer Deposition Recipes,https://wiki.nanofab.ucsb.edu/wiki/Atomic_Layer_Deposition_Recipes
Automated Coat/Develop System (S-Cubed Flexi),https://wiki.nanofab.ucsb.edu/wiki/Automated_Coat/Develop_System_(S-Cubed_Flexi)
Automated Wafer Cleaver (Loomis LSD-155LT),https://wiki.nanofab.ucsb.edu/wiki/Automated_Wafer_Cleaver_(Loomis_LSD-155LT)
Autostep 200 Mask Making Guidance,https://wiki.nanofab.ucsb.edu/wiki/Autostep_200_Mask_Making_Guidance
Autostep 200 Old training manual,https://wiki.nanofab.ucsb.edu/wiki/Autostep_200_Old_training_manual
Autostep 200 Troubleshooting and Recovery,https://wiki.nanofab.ucsb.edu/wiki/Autostep_200_Troubleshooting_and_Recovery
Autostep 200 User Accessible Commands,https://wiki.nanofab.ucsb.edu/wiki/Autostep_200_User_Accessible_Commands
Biljana Stamenic,https://wiki.nanofab.ucsb.edu/wiki/Biljana_Stamenic
Bill Millerski,https://wiki.nanofab.ucsb.edu/wiki/Bill_Millerski
Bill Mitchell,https://wiki.nanofab.ucsb.edu/wiki/Bill_Mitchell
Brian Lingg,https://wiki.nanofab.ucsb.edu/wiki/Brian_Lingg
Brian Thibeault,https://wiki.nanofab.ucsb.edu/wiki/Brian_Thibeault
CAD and Photomask Layout,https://wiki.nanofab.ucsb.edu/wiki/CAD_and_Photomask_Layout
CAIBE (Oxford Ion Mill),https://wiki.nanofab.ucsb.edu/wiki/CAIBE_(Oxford_Ion_Mill)
CC-PRIME OnBoarding 2022-08,https://wiki.nanofab.ucsb.edu/wiki/CC-PRIME_OnBoarding_2022-08
CDE ResMap Quick-Start instructions,https://wiki.nanofab.ucsb.edu/wiki/CDE_ResMap_Quick-Start_instructions
COVID-19 User Policies,https://wiki.nanofab.ucsb.edu/wiki/COVID-19_User_Policies
Calculators + Utilities,https://wiki.nanofab.ucsb.edu/wiki/Calculators_%2B_Utilities
Chemical List,https://wiki.nanofab.ucsb.edu/wiki/Chemical_List
Chemical List - OLD 2018-09-05,https://wiki.nanofab.ucsb.edu/wiki/Chemical_List_-_OLD_2018-09-05
Chemical-Mechanical Polisher (Logitech),https://wiki.nanofab.ucsb.edu/wiki/Chemical-Mechanical_Polisher_(Logitech)
Claudia Gutierrez,https://wiki.nanofab.ucsb.edu/wiki/Claudia_Gutierrez
"Comparison of ash rate for different gas mixtures, especially between O2 only vs O2/N2 mixture.","https://wiki.nanofab.ucsb.edu/wiki/Comparison_of_ash_rate_for_different_gas_mixtures,_especially_between_O2_only_vs_O2/N2_mixture."
Contact Aligner (SUSS MA-6),https://wiki.nanofab.ucsb.edu/wiki/Contact_Aligner_(SUSS_MA-6)
Contact Alignment Recipes,https://wiki.nanofab.ucsb.edu/wiki/Contact_Alignment_Recipes
Critical Point Dryer,https://wiki.nanofab.ucsb.edu/wiki/Critical_Point_Dryer
DS-K101-304 Bake Temp. versus Develop Rate,https://wiki.nanofab.ucsb.edu/wiki/DS-K101-304_Bake_Temp._versus_Develop_Rate
DSEIII (PlasmaTherm/Deep Silicon Etcher),https://wiki.nanofab.ucsb.edu/wiki/DSEIII_(PlasmaTherm/Deep_Silicon_Etcher)
DUMMY TOOL,https://wiki.nanofab.ucsb.edu/wiki/DUMMY_TOOL
DUV Flood Expose,https://wiki.nanofab.ucsb.edu/wiki/DUV_Flood_Expose
Dan Read,https://wiki.nanofab.ucsb.edu/wiki/Dan_Read
Decomissioned Tools,https://wiki.nanofab.ucsb.edu/wiki/Decomissioned_Tools
Deep UV Optical Microscope (Olympus),https://wiki.nanofab.ucsb.edu/wiki/Deep_UV_Optical_Microscope_(Olympus)
Demis D. John,https://wiki.nanofab.ucsb.edu/wiki/Demis_D._John
Deposition Data - temporary 2021-12-15,https://wiki.nanofab.ucsb.edu/wiki/Deposition_Data_-_temporary_2021-12-15
Develop Benches,https://wiki.nanofab.ucsb.edu/wiki/Develop_Benches
Develop Wet Benches,https://wiki.nanofab.ucsb.edu/wiki/Develop_Wet_Benches
Dicing Saw,https://wiki.nanofab.ucsb.edu/wiki/Dicing_Saw
Dicing Saw (ADT),https://wiki.nanofab.ucsb.edu/wiki/Dicing_Saw_(ADT)
Digital Microscope (Olympus DSX1000),https://wiki.nanofab.ucsb.edu/wiki/Digital_Microscope_(Olympus_DSX1000)
Direct-Write Lithography Recipes,https://wiki.nanofab.ucsb.edu/wiki/Direct-Write_Lithography_Recipes
Don Freeborn,https://wiki.nanofab.ucsb.edu/wiki/Don_Freeborn
Dry Etch,https://wiki.nanofab.ucsb.edu/wiki/Dry_Etch
Dry Etching Recipes,https://wiki.nanofab.ucsb.edu/wiki/Dry_Etching_Recipes
E-BEAM,https://wiki.nanofab.ucsb.edu/wiki/E-BEAM
E-Beam 1,https://wiki.nanofab.ucsb.edu/wiki/E-Beam_1
E-Beam 1 (Sharon),https://wiki.nanofab.ucsb.edu/wiki/E-Beam_1_(Sharon)
"E-Beam 1 - 4-inch, 4-wafer Fixture SOP","https://wiki.nanofab.ucsb.edu/wiki/E-Beam_1_-_4-inch,_4-wafer_Fixture_SOP"
E-Beam 2,https://wiki.nanofab.ucsb.edu/wiki/E-Beam_2
E-Beam 2 (Custom),https://wiki.nanofab.ucsb.edu/wiki/E-Beam_2_(Custom)
E-Beam 3,https://wiki.nanofab.ucsb.edu/wiki/E-Beam_3
E-Beam 3 (Temescal),https://wiki.nanofab.ucsb.edu/wiki/E-Beam_3_(Temescal)
E-Beam 4,https://wiki.nanofab.ucsb.edu/wiki/E-Beam_4
E-Beam 4 (CHA),https://wiki.nanofab.ucsb.edu/wiki/E-Beam_4_(CHA)
E-Beam 5 (Plasys),https://wiki.nanofab.ucsb.edu/wiki/E-Beam_5_(Plasys)
E-Beam Evaporation Recipes,https://wiki.nanofab.ucsb.edu/wiki/E-Beam_Evaporation_Recipes
E-Beam Evaporator 1,https://wiki.nanofab.ucsb.edu/wiki/E-Beam_Evaporator_1
E-Beam Evaporator 3,https://wiki.nanofab.ucsb.edu/wiki/E-Beam_Evaporator_3
E-Beam Lithography Recipes,https://wiki.nanofab.ucsb.edu/wiki/E-Beam_Lithography_Recipes
E-Beam Lithography System (JEOL JBX-6300FS),https://wiki.nanofab.ucsb.edu/wiki/E-Beam_Lithography_System_(JEOL_JBX-6300FS)
E-Beam Lithography System (Raith EBPG 5150+),https://wiki.nanofab.ucsb.edu/wiki/E-Beam_Lithography_System_(Raith_EBPG_5150%2B)
Edge Bead Removal via Photolithography for 4-inch Wafers,https://wiki.nanofab.ucsb.edu/wiki/Edge_Bead_Removal_via_Photolithography_for_4-inch_Wafers
Editing Tutorials,https://wiki.nanofab.ucsb.edu/wiki/Editing_Tutorials
Electronics Presentations,https://wiki.nanofab.ucsb.edu/wiki/Electronics_Presentations
Ellipsometer (Rudolph),https://wiki.nanofab.ucsb.edu/wiki/Ellipsometer_(Rudolph)
Ellipsometer (Woollam),https://wiki.nanofab.ucsb.edu/wiki/Ellipsometer_(Woollam)
Ellipsometer (Woollam) - Measuring thin dielectrics with Native Oxide pre-measurement,https://wiki.nanofab.ucsb.edu/wiki/Ellipsometer_(Woollam)_-_Measuring_thin_dielectrics_with_Native_Oxide_pre-measurement
Ellipsometer (Woollam) - Measuring thin metals with oxide pre-measurement,https://wiki.nanofab.ucsb.edu/wiki/Ellipsometer_(Woollam)_-_Measuring_thin_metals_with_oxide_pre-measurement
Equipment Group - Video Training Procedures,https://wiki.nanofab.ucsb.edu/wiki/Equipment_Group_-_Video_Training_Procedures
Errors,https://wiki.nanofab.ucsb.edu/wiki/Errors
Exposing a wafer piece,https://wiki.nanofab.ucsb.edu/wiki/Exposing_a_wafer_piece
FAQs,https://wiki.nanofab.ucsb.edu/wiki/FAQs
FIJI - Microscope Measurement Tools,https://wiki.nanofab.ucsb.edu/wiki/FIJI_-_Microscope_Measurement_Tools
Field Emission SEM 2 (JEOL 7600F),https://wiki.nanofab.ucsb.edu/wiki/Field_Emission_SEM_2_(JEOL_7600F)
Field Emission SEM 2 (JEOL IT800SHL),https://wiki.nanofab.ucsb.edu/wiki/Field_Emission_SEM_2_(JEOL_IT800SHL)
Film Stress (Tencor Flexus),https://wiki.nanofab.ucsb.edu/wiki/Film_Stress_(Tencor_Flexus)
Filmetrics F10-RT-UVX Operating Procedure,https://wiki.nanofab.ucsb.edu/wiki/Filmetrics_F10-RT-UVX_Operating_Procedure
Filmetrics F40-UV Microscope-Mounted,https://wiki.nanofab.ucsb.edu/wiki/Filmetrics_F40-UV_Microscope-Mounted
Filmetrics F40-UV Quick Start,https://wiki.nanofab.ucsb.edu/wiki/Filmetrics_F40-UV_Quick_Start
Filmetrics F50 - Operating Procedure,https://wiki.nanofab.ucsb.edu/wiki/Filmetrics_F50_-_Operating_Procedure
Flip-Chip Bonder,https://wiki.nanofab.ucsb.edu/wiki/Flip-Chip_Bonder
Flip-Chip Bonder (Finetech),https://wiki.nanofab.ucsb.edu/wiki/Flip-Chip_Bonder_(Finetech)
Flood Exposure Recipes,https://wiki.nanofab.ucsb.edu/wiki/Flood_Exposure_Recipes
Fluorescence Microscope (Olympus MX51),https://wiki.nanofab.ucsb.edu/wiki/Fluorescence_Microscope_(Olympus_MX51)
Fluorine ICP Etcher (PlasmaTherm/SLR Fluorine ICP),https://wiki.nanofab.ucsb.edu/wiki/Fluorine_ICP_Etcher_(PlasmaTherm/SLR_Fluorine_ICP)
Focused Ion-Beam Lithography (Raith Velion),https://wiki.nanofab.ucsb.edu/wiki/Focused_Ion-Beam_Lithography_(Raith_Velion)
Foong Fatt,https://wiki.nanofab.ucsb.edu/wiki/Foong_Fatt
Frequently Asked Questions,https://wiki.nanofab.ucsb.edu/wiki/Frequently_Asked_Questions
GCA 6300 Mask Making Guidance,https://wiki.nanofab.ucsb.edu/wiki/GCA_6300_Mask_Making_Guidance
GCA 6300 Reboot Procedures,https://wiki.nanofab.ucsb.edu/wiki/GCA_6300_Reboot_Procedures
GCA 6300 USer Accessible Commands,https://wiki.nanofab.ucsb.edu/wiki/GCA_6300_USer_Accessible_Commands
GCA 6300 training manual -old instructions,https://wiki.nanofab.ucsb.edu/wiki/GCA_6300_training_manual_-old_instructions
GCA Old full training manual,https://wiki.nanofab.ucsb.edu/wiki/GCA_Old_full_training_manual
Glossary,https://wiki.nanofab.ucsb.edu/wiki/Glossary
GoPro Hero8 Black (Internal),https://wiki.nanofab.ucsb.edu/wiki/GoPro_Hero8_Black_(Internal)
Gold Plating Bench,https://wiki.nanofab.ucsb.edu/wiki/Gold_Plating_Bench
Gold Plating Bench (Semcon),https://wiki.nanofab.ucsb.edu/wiki/Gold_Plating_Bench_(Semcon)
Gold surface oxidation (darkening) due to O2/N2 plasma; the need for O2 only recipe.,https://wiki.nanofab.ucsb.edu/wiki/Gold_surface_oxidation_(darkening)_due_to_O2/N2_plasma;_the_need_for_O2_only_recipe.
Goniometer,https://wiki.nanofab.ucsb.edu/wiki/Goniometer
Goniometer (Rame-Hart A-100) - Operating Procedure,https://wiki.nanofab.ucsb.edu/wiki/Goniometer_(Rame-Hart_A-100)_-_Operating_Procedure
Gopikrishnan G M,https://wiki.nanofab.ucsb.edu/wiki/Gopikrishnan_G_M
HF Processing Bench,https://wiki.nanofab.ucsb.edu/wiki/HF_Processing_Bench
HF Vapor Etch,https://wiki.nanofab.ucsb.edu/wiki/HF_Vapor_Etch
HF/TMAH Processing Bench,https://wiki.nanofab.ucsb.edu/wiki/HF/TMAH_Processing_Bench
HF/TMAH Processing Benches,https://wiki.nanofab.ucsb.edu/wiki/HF/TMAH_Processing_Benches
High Temp Oven (Blue M),https://wiki.nanofab.ucsb.edu/wiki/High_Temp_Oven_(Blue_M)
Holographic Lith/PL Setup,https://wiki.nanofab.ucsb.edu/wiki/Holographic_Lith/PL_Setup
Holographic Lith/PL Setup (Custom),https://wiki.nanofab.ucsb.edu/wiki/Holographic_Lith/PL_Setup_(Custom)
Homepage Draft1,https://wiki.nanofab.ucsb.edu/wiki/Homepage_Draft1
Hummer SEM Sample Coater - Techniques to reduce charging in SEMs,https://wiki.nanofab.ucsb.edu/wiki/Hummer_SEM_Sample_Coater_-_Techniques_to_reduce_charging_in_SEMs
IBD: Calibrating Optical Thickness,https://wiki.nanofab.ucsb.edu/wiki/IBD:_Calibrating_Optical_Thickness
ICP Etch 1 (Panasonic E626I),https://wiki.nanofab.ucsb.edu/wiki/ICP_Etch_1_(Panasonic_E626I)
ICP Etch 1 (Panasonic E646V),https://wiki.nanofab.ucsb.edu/wiki/ICP_Etch_1_(Panasonic_E646V)
ICP Etch 2 (Panasonic E626I),https://wiki.nanofab.ucsb.edu/wiki/ICP_Etch_2_(Panasonic_E626I)
ICP Etch 2 (Panasonic E640),https://wiki.nanofab.ucsb.edu/wiki/ICP_Etch_2_(Panasonic_E640)
ICP Etching Recipes,https://wiki.nanofab.ucsb.edu/wiki/ICP_Etching_Recipes
ICP-Etch (Unaxis VLR),https://wiki.nanofab.ucsb.edu/wiki/ICP-Etch_(Unaxis_VLR)
ICP-PECVD (Unaxis VLR),https://wiki.nanofab.ucsb.edu/wiki/ICP-PECVD_(Unaxis_VLR)
IR Aligner (SUSS MJB-3 IR),https://wiki.nanofab.ucsb.edu/wiki/IR_Aligner_(SUSS_MJB-3_IR)
IR Thermal Microscope (QFI),https://wiki.nanofab.ucsb.edu/wiki/IR_Thermal_Microscope_(QFI)
IR Thermal Microscope (QFI) - Standard Operating Procedure (HotSpot/ThermalEmission),https://wiki.nanofab.ucsb.edu/wiki/IR_Thermal_Microscope_(QFI)_-_Standard_Operating_Procedure_(HotSpot/ThermalEmission)
InP Etch Rate and Selectivity (InP/SiO2),https://wiki.nanofab.ucsb.edu/wiki/InP_Etch_Rate_and_Selectivity_(InP/SiO2)
InP Etch Test Result in Details,https://wiki.nanofab.ucsb.edu/wiki/InP_Etch_Test_Result_in_Details
InP Etch Test-in details,https://wiki.nanofab.ucsb.edu/wiki/InP_Etch_Test-in_details
InP Etch test -details,https://wiki.nanofab.ucsb.edu/wiki/InP_Etch_test_-details
InP etch result in details,https://wiki.nanofab.ucsb.edu/wiki/InP_etch_result_in_details
"Inspection, Test and Characterization","https://wiki.nanofab.ucsb.edu/wiki/Inspection,_Test_and_Characterization"
Intellemetrics Laser Etch Monitor Procedure for Panasonic ICP Etchers,https://wiki.nanofab.ucsb.edu/wiki/Intellemetrics_Laser_Etch_Monitor_Procedure_for_Panasonic_ICP_Etchers
Intellemetrics Laser Etch Monitor Procedure for Plasma-Therm Etchers,https://wiki.nanofab.ucsb.edu/wiki/Intellemetrics_Laser_Etch_Monitor_Procedure_for_Plasma-Therm_Etchers
Ion Beam Deposition (Veeco NEXUS),https://wiki.nanofab.ucsb.edu/wiki/Ion_Beam_Deposition_(Veeco_NEXUS)
JEOL IT800SHL - Reduced Charging Imaging Modes,https://wiki.nanofab.ucsb.edu/wiki/JEOL_IT800SHL_-_Reduced_Charging_Imaging_Modes
Jack Whaley,https://wiki.nanofab.ucsb.edu/wiki/Jack_Whaley
KLA Tencor P7 - Basic profile instructions,https://wiki.nanofab.ucsb.edu/wiki/KLA_Tencor_P7_-_Basic_profile_instructions
KLA Tencor P7 - Saving Profile Data,https://wiki.nanofab.ucsb.edu/wiki/KLA_Tencor_P7_-_Saving_Profile_Data
KLayout Design Tips,https://wiki.nanofab.ucsb.edu/wiki/KLayout_Design_Tips
Lab Rules,https://wiki.nanofab.ucsb.edu/wiki/Lab_Rules
Lab Rules OLD 2018,https://wiki.nanofab.ucsb.edu/wiki/Lab_Rules_OLD_2018
Lab Rules backup,https://wiki.nanofab.ucsb.edu/wiki/Lab_Rules_backup
Laser Etch Monitor Simulation in Python,https://wiki.nanofab.ucsb.edu/wiki/Laser_Etch_Monitor_Simulation_in_Python
Laser Etch Monitoring,https://wiki.nanofab.ucsb.edu/wiki/Laser_Etch_Monitoring
Laser Scanning Confocal M-scope (Olympus LEXT),https://wiki.nanofab.ucsb.edu/wiki/Laser_Scanning_Confocal_M-scope_(Olympus_LEXT)
Lee Sawyer,https://wiki.nanofab.ucsb.edu/wiki/Lee_Sawyer
LegacyTable,https://wiki.nanofab.ucsb.edu/wiki/LegacyTable
Lift-Off with DUV Imaging + PMGI Underlayer,https://wiki.nanofab.ucsb.edu/wiki/Lift-Off_with_DUV_Imaging_%2B_PMGI_Underlayer
Lift-Off with I-Line Imaging Resist + LOL2000 Underlayer,https://wiki.nanofab.ucsb.edu/wiki/Lift-Off_with_I-Line_Imaging_Resist_%2B_LOL2000_Underlayer
Lithography,https://wiki.nanofab.ucsb.edu/wiki/Lithography
Lithography Calibration - Analyzing a Focus-Exposure Matrix,https://wiki.nanofab.ucsb.edu/wiki/Lithography_Calibration_-_Analyzing_a_Focus-Exposure_Matrix
Lithography Chemicals,https://wiki.nanofab.ucsb.edu/wiki/Lithography_Chemicals
Lithography Recipes,https://wiki.nanofab.ucsb.edu/wiki/Lithography_Recipes
Logitech WBS7 - Procedure for Wax Mounting with Spin-On Crystalbond,https://wiki.nanofab.ucsb.edu/wiki/Logitech_WBS7_-_Procedure_for_Wax_Mounting_with_Spin-On_Crystalbond
Logitech WBS7 - Procedure for Wax Mounting with bulk Crystalbond Stick,https://wiki.nanofab.ucsb.edu/wiki/Logitech_WBS7_-_Procedure_for_Wax_Mounting_with_bulk_Crystalbond_Stick
Luis Zuzunaga,https://wiki.nanofab.ucsb.edu/wiki/Luis_Zuzunaga
MA6 Backside Alignment - Allowed Mark Locations,https://wiki.nanofab.ucsb.edu/wiki/MA6_Backside_Alignment_-_Allowed_Mark_Locations
MLA Recipes,https://wiki.nanofab.ucsb.edu/wiki/MLA_Recipes
MLA150 - CAD Files and Templates,https://wiki.nanofab.ucsb.edu/wiki/MLA150_-_CAD_Files_and_Templates
MLA150 - Design Guidelines,https://wiki.nanofab.ucsb.edu/wiki/MLA150_-_Design_Guidelines
MLA150 - Large Image GDS Generation,https://wiki.nanofab.ucsb.edu/wiki/MLA150_-_Large_Image_GDS_Generation
MLA150 - Troubleshooting,https://wiki.nanofab.ucsb.edu/wiki/MLA150_-_Troubleshooting
MSDS,https://wiki.nanofab.ucsb.edu/wiki/MSDS
MVD - Wafer Coating - Process Traveler,https://wiki.nanofab.ucsb.edu/wiki/MVD_-_Wafer_Coating_-_Process_Traveler
Mask Making Guidelines for Contact Aligners,https://wiki.nanofab.ucsb.edu/wiki/Mask_Making_Guidelines_for_Contact_Aligners
Maskless Aligner (Heidelberg MLA150),https://wiki.nanofab.ucsb.edu/wiki/Maskless_Aligner_(Heidelberg_MLA150)
Maskless Aligner Recipes,https://wiki.nanofab.ucsb.edu/wiki/Maskless_Aligner_Recipes
Measurements and Imaging with Amscope Camera - Quickstart Usage Guide,https://wiki.nanofab.ucsb.edu/wiki/Measurements_and_Imaging_with_Amscope_Camera_-_Quickstart_Usage_Guide
Mechanical Polisher (Allied),https://wiki.nanofab.ucsb.edu/wiki/Mechanical_Polisher_(Allied)
Michael Barreraz,https://wiki.nanofab.ucsb.edu/wiki/Michael_Barreraz
Microscopes,https://wiki.nanofab.ucsb.edu/wiki/Microscopes
Mike Barreraz,https://wiki.nanofab.ucsb.edu/wiki/Mike_Barreraz
Mike Day,https://wiki.nanofab.ucsb.edu/wiki/Mike_Day
Mike Silva,https://wiki.nanofab.ucsb.edu/wiki/Mike_Silva
Molecular Vapor Deposition,https://wiki.nanofab.ucsb.edu/wiki/Molecular_Vapor_Deposition
Molecular Vapor Deposition Recipes,https://wiki.nanofab.ucsb.edu/wiki/Molecular_Vapor_Deposition_Recipes
Nano-Imprint (Nanonex NX2000),https://wiki.nanofab.ucsb.edu/wiki/Nano-Imprint_(Nanonex_NX2000)
NanoFab Process Group,https://wiki.nanofab.ucsb.edu/wiki/NanoFab_Process_Group
Nanofab Job Postings,https://wiki.nanofab.ucsb.edu/wiki/Nanofab_Job_Postings
Nanofab New User Onboarding,https://wiki.nanofab.ucsb.edu/wiki/Nanofab_New_User_Onboarding
Nanofab Staff Internal Pages,https://wiki.nanofab.ucsb.edu/wiki/Nanofab_Staff_Internal_Pages
Nanofab-IT - Add Device to Network,https://wiki.nanofab.ucsb.edu/wiki/Nanofab-IT_-_Add_Device_to_Network
Nick test,https://wiki.nanofab.ucsb.edu/wiki/Nick_test
Ning Cao,https://wiki.nanofab.ucsb.edu/wiki/Ning_Cao
Noah Dutra,https://wiki.nanofab.ucsb.edu/wiki/Noah_Dutra
OLD - PECVD2 Recipes,https://wiki.nanofab.ucsb.edu/wiki/OLD_-_PECVD2_Recipes
Old Deposition Data - 2021-12-15,https://wiki.nanofab.ucsb.edu/wiki/Old_Deposition_Data_-_2021-12-15
Old Deposition Data - NastaziaM 2021-11-22,https://wiki.nanofab.ucsb.edu/wiki/Old_Deposition_Data_-_NastaziaM_2021-11-22
Old Training Manual,https://wiki.nanofab.ucsb.edu/wiki/Old_Training_Manual
Old training manual,https://wiki.nanofab.ucsb.edu/wiki/Old_training_manual
Older Publications,https://wiki.nanofab.ucsb.edu/wiki/Older_Publications
Olympus LEXT OLS4000 Confocal uScope - Quick Start,https://wiki.nanofab.ucsb.edu/wiki/Olympus_LEXT_OLS4000_Confocal_uScope_-_Quick_Start
Operating Instructions,https://wiki.nanofab.ucsb.edu/wiki/Operating_Instructions
Optical Film Spectra + Optical Properties (Filmetrics F10-RT-UVX),https://wiki.nanofab.ucsb.edu/wiki/Optical_Film_Spectra_%2B_Optical_Properties_(Filmetrics_F10-RT-UVX)
Optical Film Thickness & Wafer-Mapping (Filmetrics F50),https://wiki.nanofab.ucsb.edu/wiki/Optical_Film_Thickness_%26_Wafer-Mapping_(Filmetrics_F50)
Optical Film Thickness (Filmetrics),https://wiki.nanofab.ucsb.edu/wiki/Optical_Film_Thickness_(Filmetrics)
Optical Film Thickness (Nanometric),https://wiki.nanofab.ucsb.edu/wiki/Optical_Film_Thickness_(Nanometric)
Other Dry Etching Recipes,https://wiki.nanofab.ucsb.edu/wiki/Other_Dry_Etching_Recipes
Oven 4 (Fisher),https://wiki.nanofab.ucsb.edu/wiki/Oven_4_(Fisher)
Oven 4 (Thermo-Fisher HeraTherm),https://wiki.nanofab.ucsb.edu/wiki/Oven_4_(Thermo-Fisher_HeraTherm)
Oven 5 (Labline),https://wiki.nanofab.ucsb.edu/wiki/Oven_5_(Labline)
Ovens - Overview of All Lab Ovens,https://wiki.nanofab.ucsb.edu/wiki/Ovens_-_Overview_of_All_Lab_Ovens
"Ovens 1, 2 & 3 (Labline)","https://wiki.nanofab.ucsb.edu/wiki/Ovens_1,_2_%26_3_(Labline)"
Oxford Etcher - Sample Size Effect on Etch Rate,https://wiki.nanofab.ucsb.edu/wiki/Oxford_Etcher_-_Sample_Size_Effect_on_Etch_Rate
Oxford ICP Etcher (PlasmaPro 100 Cobra),https://wiki.nanofab.ucsb.edu/wiki/Oxford_ICP_Etcher_(PlasmaPro_100_Cobra)
Oxford ICP Etcher - Process Control Data,https://wiki.nanofab.ucsb.edu/wiki/Oxford_ICP_Etcher_-_Process_Control_Data
Oxygen Plasma System Recipes,https://wiki.nanofab.ucsb.edu/wiki/Oxygen_Plasma_System_Recipes
PECV1 Wafer Coating Process Traveler,https://wiki.nanofab.ucsb.edu/wiki/PECV1_Wafer_Coating_Process_Traveler
PECVD 1,https://wiki.nanofab.ucsb.edu/wiki/PECVD_1
PECVD 1 (PlasmTherm 790),https://wiki.nanofab.ucsb.edu/wiki/PECVD_1_(PlasmTherm_790)
PECVD 1 (PlasmaTherm 790),https://wiki.nanofab.ucsb.edu/wiki/PECVD_1_(PlasmaTherm_790)
PECVD 2 (Advanced Vacuum),https://wiki.nanofab.ucsb.edu/wiki/PECVD_2_(Advanced_Vacuum)
PECVD Recipes,https://wiki.nanofab.ucsb.edu/wiki/PECVD_Recipes
PECVD.docx,https://wiki.nanofab.ucsb.edu/wiki/PECVD.docx
PECVD1 Operating Instructions.pdf,https://wiki.nanofab.ucsb.edu/wiki/PECVD1_Operating_Instructions.pdf
PECVD1 Recipes,https://wiki.nanofab.ucsb.edu/wiki/PECVD1_Recipes
PECVD1 Wafer Coating Process,https://wiki.nanofab.ucsb.edu/wiki/PECVD1_Wafer_Coating_Process
PECVD1 Wafer Coating Process Traveler,https://wiki.nanofab.ucsb.edu/wiki/PECVD1_Wafer_Coating_Process_Traveler
PECVD1-(PlasmaTherm 790),https://wiki.nanofab.ucsb.edu/wiki/PECVD1-(PlasmaTherm_790)
PECVD1-SIN Standard Recipe (PlasmaTherm 790),https://wiki.nanofab.ucsb.edu/wiki/PECVD1-SIN_Standard_Recipe_(PlasmaTherm_790)
PECVD1-SiN standard recipe.pdf,https://wiki.nanofab.ucsb.edu/wiki/PECVD1-SiN_standard_recipe.pdf
PECVD1-SiN-standard recipe.pdf,https://wiki.nanofab.ucsb.edu/wiki/PECVD1-SiN-standard_recipe.pdf
Packaging,https://wiki.nanofab.ucsb.edu/wiki/Packaging
Packaging Recipes,https://wiki.nanofab.ucsb.edu/wiki/Packaging_Recipes
Peder Lenvik,https://wiki.nanofab.ucsb.edu/wiki/Peder_Lenvik
Photo-emission & IR Microscope (QFI),https://wiki.nanofab.ucsb.edu/wiki/Photo-emission_%26_IR_Microscope_(QFI)
Photolithography - Improving Adhesion Photoresist Adhesion,https://wiki.nanofab.ucsb.edu/wiki/Photolithography_-_Improving_Adhesion_Photoresist_Adhesion
Photolithography - Manual Edge-Bead Removal Techniques,https://wiki.nanofab.ucsb.edu/wiki/Photolithography_-_Manual_Edge-Bead_Removal_Techniques
Photoluminescence PL Setup (Custom),https://wiki.nanofab.ucsb.edu/wiki/Photoluminescence_PL_Setup_(Custom)
Photomask Ordering Procedure for UCSB Users,https://wiki.nanofab.ucsb.edu/wiki/Photomask_Ordering_Procedure_for_UCSB_Users
Photonics Presentations,https://wiki.nanofab.ucsb.edu/wiki/Photonics_Presentations
Photoresist Spin Coat Benches,https://wiki.nanofab.ucsb.edu/wiki/Photoresist_Spin_Coat_Benches
Plasma Activation (EVG 810),https://wiki.nanofab.ucsb.edu/wiki/Plasma_Activation_(EVG_810)
Plasma Activation Tool (EVG 810),https://wiki.nanofab.ucsb.edu/wiki/Plasma_Activation_Tool_(EVG_810)
Plasma Clean (Gasonics 2000),https://wiki.nanofab.ucsb.edu/wiki/Plasma_Clean_(Gasonics_2000)
Plasma Clean (YES EcoClean),https://wiki.nanofab.ucsb.edu/wiki/Plasma_Clean_(YES_EcoClean)
Plating Bench,https://wiki.nanofab.ucsb.edu/wiki/Plating_Bench
Probe Station & Curve Tracer,https://wiki.nanofab.ucsb.edu/wiki/Probe_Station_%26_Curve_Tracer
Probe Station: I-V Curves with Keithley 2400 and Python Script,https://wiki.nanofab.ucsb.edu/wiki/Probe_Station:_I-V_Curves_with_Keithley_2400_and_Python_Script
Process Group - Billing Instructions,https://wiki.nanofab.ucsb.edu/wiki/Process_Group_-_Billing_Instructions
Process Group - Lab Stocking/Supplies Tasks,https://wiki.nanofab.ucsb.edu/wiki/Process_Group_-_Lab_Stocking/Supplies_Tasks
Process Group - Process Control Data,https://wiki.nanofab.ucsb.edu/wiki/Process_Group_-_Process_Control_Data
Process Group - Remote Fabrication Jobs,https://wiki.nanofab.ucsb.edu/wiki/Process_Group_-_Remote_Fabrication_Jobs
Process Group Interns,https://wiki.nanofab.ucsb.edu/wiki/Process_Group_Interns
Process Group Internships,https://wiki.nanofab.ucsb.edu/wiki/Process_Group_Internships
ProcessGroup: Shipping Samples on Dicing Tape+Frame,https://wiki.nanofab.ucsb.edu/wiki/ProcessGroup:_Shipping_Samples_on_Dicing_Tape%2BFrame
Processing - How Do Iâ€¦,https://wiki.nanofab.ucsb.edu/wiki/Processing_-_How_Do_I%E2%80%A6%3F
Programming a Job,https://wiki.nanofab.ucsb.edu/wiki/Programming_a_Job
PubList2018,https://wiki.nanofab.ucsb.edu/wiki/PubList2018
Publications - 2013-2014,https://wiki.nanofab.ucsb.edu/wiki/Publications_-_2013-2014
Quarter First Layer Instructions,https://wiki.nanofab.ucsb.edu/wiki/Quarter_First_Layer_Instructions
RIE 1,https://wiki.nanofab.ucsb.edu/wiki/RIE_1
RIE 1 (Custom),https://wiki.nanofab.ucsb.edu/wiki/RIE_1_(Custom)
RIE 2,https://wiki.nanofab.ucsb.edu/wiki/RIE_2
RIE 2 (MRC),https://wiki.nanofab.ucsb.edu/wiki/RIE_2_(MRC)
RIE 3,https://wiki.nanofab.ucsb.edu/wiki/RIE_3
RIE 3 (MRC),https://wiki.nanofab.ucsb.edu/wiki/RIE_3_(MRC)
RIE 5,https://wiki.nanofab.ucsb.edu/wiki/RIE_5
RIE 5 (PlasmaTherm SLR),https://wiki.nanofab.ucsb.edu/wiki/RIE_5_(PlasmaTherm_SLR)
RIE 5 (PlasmaTherm),https://wiki.nanofab.ucsb.edu/wiki/RIE_5_(PlasmaTherm)
RIE Etching Recipes,https://wiki.nanofab.ucsb.edu/wiki/RIE_Etching_Recipes
RIE5 - Standard Operating procedure (Cortex Software),https://wiki.nanofab.ucsb.edu/wiki/RIE5_-_Standard_Operating_procedure_(Cortex_Software)
Rapid Thermal Processor (AET RX6),https://wiki.nanofab.ucsb.edu/wiki/Rapid_Thermal_Processor_(AET_RX6)
Rapid Thermal Processor (SSI Solaris 150),https://wiki.nanofab.ucsb.edu/wiki/Rapid_Thermal_Processor_(SSI_Solaris_150)
Research,https://wiki.nanofab.ucsb.edu/wiki/Research
Resistivity Mapper (CDE RESMAP),https://wiki.nanofab.ucsb.edu/wiki/Resistivity_Mapper_(CDE_RESMAP)
S-Cubed Flexi - Operating Procedure,https://wiki.nanofab.ucsb.edu/wiki/S-Cubed_Flexi_-_Operating_Procedure
SEM 1 (JEOL IT800SHL),https://wiki.nanofab.ucsb.edu/wiki/SEM_1_(JEOL_IT800SHL)
SEM Sample Coater (Hummer),https://wiki.nanofab.ucsb.edu/wiki/SEM_Sample_Coater_(Hummer)
SPR220-7 at 3kW various temperature without N2 gas,https://wiki.nanofab.ucsb.edu/wiki/SPR220-7_at_3kW_various_temperature_without_N2_gas
STD SiO2 recipe,https://wiki.nanofab.ucsb.edu/wiki/STD_SiO2_recipe
Services,https://wiki.nanofab.ucsb.edu/wiki/Services
Si Deep RIE,https://wiki.nanofab.ucsb.edu/wiki/Si_Deep_RIE
Si Deep RIE (Bosch Etch),https://wiki.nanofab.ucsb.edu/wiki/Si_Deep_RIE_(Bosch_Etch)
SiN 100C Table-2019,https://wiki.nanofab.ucsb.edu/wiki/SiN_100C_Table-2019
SiO2 Etching Test using CF4/CHF3,https://wiki.nanofab.ucsb.edu/wiki/SiO2_Etching_Test_using_CF4/CHF3
Silicon Deep Etcher (Plasma-Therm SLR),https://wiki.nanofab.ucsb.edu/wiki/Silicon_Deep_Etcher_(Plasma-Therm_SLR)
Solvent Benches,https://wiki.nanofab.ucsb.edu/wiki/Solvent_Benches
Solvent Cleaning Benches,https://wiki.nanofab.ucsb.edu/wiki/Solvent_Cleaning_Benches
Spin Coat Benches,https://wiki.nanofab.ucsb.edu/wiki/Spin_Coat_Benches
Spin Rinse Dryer (SemiTool),https://wiki.nanofab.ucsb.edu/wiki/Spin_Rinse_Dryer_(SemiTool)
Sputter 1 (Custom),https://wiki.nanofab.ucsb.edu/wiki/Sputter_1_(Custom)
Sputter 2 (SFI Endeavor),https://wiki.nanofab.ucsb.edu/wiki/Sputter_2_(SFI_Endeavor)
Sputter 3 (AJA ATC 2000-F),https://wiki.nanofab.ucsb.edu/wiki/Sputter_3_(AJA_ATC_2000-F)
Sputter 3 (ATC 2000-F),https://wiki.nanofab.ucsb.edu/wiki/Sputter_3_(ATC_2000-F)
Sputter 4 (AJA ATC 2200-V),https://wiki.nanofab.ucsb.edu/wiki/Sputter_4_(AJA_ATC_2200-V)
Sputter 4 (ATC 2200-V),https://wiki.nanofab.ucsb.edu/wiki/Sputter_4_(ATC_2200-V)
Sputter 5,https://wiki.nanofab.ucsb.edu/wiki/Sputter_5
Sputter 5 (AJA ATC 2200-V),https://wiki.nanofab.ucsb.edu/wiki/Sputter_5_(AJA_ATC_2200-V)
Sputter 5 (Lesker AXXIS),https://wiki.nanofab.ucsb.edu/wiki/Sputter_5_(Lesker_AXXIS)
Sputtering Recipes,https://wiki.nanofab.ucsb.edu/wiki/Sputtering_Recipes
Staff List,https://wiki.nanofab.ucsb.edu/wiki/Staff_List
Staff Notes,https://wiki.nanofab.ucsb.edu/wiki/Staff_Notes
Step Profilometer (Dektak 6M),https://wiki.nanofab.ucsb.edu/wiki/Step_Profilometer_(Dektak_6M)
Step Profilometer (DektakXT),https://wiki.nanofab.ucsb.edu/wiki/Step_Profilometer_(DektakXT)
Step Profilometer (KLA Tencor P-7),https://wiki.nanofab.ucsb.edu/wiki/Step_Profilometer_(KLA_Tencor_P-7)
Stepper 1,https://wiki.nanofab.ucsb.edu/wiki/Stepper_1
Stepper 1 (GCA 6300),https://wiki.nanofab.ucsb.edu/wiki/Stepper_1_(GCA_6300)
Stepper 1 (GCA 6300) - Standard Operating Procedure,https://wiki.nanofab.ucsb.edu/wiki/Stepper_1_(GCA_6300)_-_Standard_Operating_Procedure
Stepper 1 (GCA 6300) Available chucks,https://wiki.nanofab.ucsb.edu/wiki/Stepper_1_(GCA_6300)_Available_chucks
"Stepper 1 (GCA 6300) Substrate Thickness, Shim Thickness ans Target Thickness","https://wiki.nanofab.ucsb.edu/wiki/Stepper_1_(GCA_6300)_Substrate_Thickness,_Shim_Thickness_ans_Target_Thickness"
Stepper 1 (GCA6300) How to select proper chuck,https://wiki.nanofab.ucsb.edu/wiki/Stepper_1_(GCA6300)_How_to_select_proper_chuck
Stepper 2,https://wiki.nanofab.ucsb.edu/wiki/Stepper_2
Stepper 2 (AutoStep 200),https://wiki.nanofab.ucsb.edu/wiki/Stepper_2_(AutoStep_200)
Stepper 2 (AutoStep 200) - Operating Procedure - Piece Parts,https://wiki.nanofab.ucsb.edu/wiki/Stepper_2_(AutoStep_200)_-_Operating_Procedure_-_Piece_Parts
Stepper 2 (AutoStep 200) Operating Procedures,https://wiki.nanofab.ucsb.edu/wiki/Stepper_2_(AutoStep_200)_Operating_Procedures
Stepper 2 (Autostep 200) - Chuck Selection,https://wiki.nanofab.ucsb.edu/wiki/Stepper_2_(Autostep_200)_-_Chuck_Selection
Stepper 2 (Autostep 200) - Job Programming,https://wiki.nanofab.ucsb.edu/wiki/Stepper_2_(Autostep_200)_-_Job_Programming
Stepper 2 (Autostep 200) - Piece vs. Wafer Programming Differences,https://wiki.nanofab.ucsb.edu/wiki/Stepper_2_(Autostep_200)_-_Piece_vs._Wafer_Programming_Differences
"Stepper 2 (Autostep 200) - Table of Chucks, Shims, Target Thicknesses","https://wiki.nanofab.ucsb.edu/wiki/Stepper_2_(Autostep_200)_-_Table_of_Chucks,_Shims,_Target_Thicknesses"
Stepper 3 (ASML DUV),https://wiki.nanofab.ucsb.edu/wiki/Stepper_3_(ASML_DUV)
Stepper 3 (ASML),https://wiki.nanofab.ucsb.edu/wiki/Stepper_3_(ASML)
Stepper Mask-Making Guidelines (Generic),https://wiki.nanofab.ucsb.edu/wiki/Stepper_Mask-Making_Guidelines_(Generic)
Stepper Recipes,https://wiki.nanofab.ucsb.edu/wiki/Stepper_Recipes
Stepper Reticle Layout (Advanced) - Complex Experiments and Variations,https://wiki.nanofab.ucsb.edu/wiki/Stepper_Reticle_Layout_(Advanced)_-_Complex_Experiments_and_Variations
Stocked Chemical List,https://wiki.nanofab.ucsb.edu/wiki/Stocked_Chemical_List
Strip Annealer,https://wiki.nanofab.ucsb.edu/wiki/Strip_Annealer
Surface Analysis (KLA/Tencor Surfscan),https://wiki.nanofab.ucsb.edu/wiki/Surface_Analysis_(KLA/Tencor_Surfscan)
Surfscan Errors and Workarounds,https://wiki.nanofab.ucsb.edu/wiki/Surfscan_Errors_and_Workarounds
Surfscan SOP for 4inch wafers,https://wiki.nanofab.ucsb.edu/wiki/Surfscan_SOP_for_4inch_wafers
Surfscan SOP for 6inch wafers,https://wiki.nanofab.ucsb.edu/wiki/Surfscan_SOP_for_6inch_wafers
Surfscan SOP for 8inch wafers,https://wiki.nanofab.ucsb.edu/wiki/Surfscan_SOP_for_8inch_wafers
Surfscan SOP for small substrates,https://wiki.nanofab.ucsb.edu/wiki/Surfscan_SOP_for_small_substrates
Surfscan photo,https://wiki.nanofab.ucsb.edu/wiki/Surfscan_photo
Surfscan6200 photos,https://wiki.nanofab.ucsb.edu/wiki/Surfscan6200_photos
Suss Aligners (SUSS MJB-3),https://wiki.nanofab.ucsb.edu/wiki/Suss_Aligners_(SUSS_MJB-3)
Suss MA-6 Backside Alignment QuickStart,https://wiki.nanofab.ucsb.edu/wiki/Suss_MA-6_Backside_Alignment_QuickStart
TEST PAGE,https://wiki.nanofab.ucsb.edu/wiki/TEST_PAGE
THz Physics Presentations,https://wiki.nanofab.ucsb.edu/wiki/THz_Physics_Presentations
Tech Talks Seminar Series,https://wiki.nanofab.ucsb.edu/wiki/Tech_Talks_Seminar_Series
Tencor Flexus Film Stress,https://wiki.nanofab.ucsb.edu/wiki/Tencor_Flexus_Film_Stress
Test Data of Etching SiO2 with CHF3/CF4-Florine ICP Etcher,https://wiki.nanofab.ucsb.edu/wiki/Test_Data_of_Etching_SiO2_with_CHF3/CF4-Florine_ICP_Etcher
Test Data of Etching SiO2 with CHF3/CF4-Fluorine ICP Etcher,https://wiki.nanofab.ucsb.edu/wiki/Test_Data_of_Etching_SiO2_with_CHF3/CF4-Fluorine_ICP_Etcher
Test Data of etching SiO2 with CHF3/CF4,https://wiki.nanofab.ucsb.edu/wiki/Test_Data_of_etching_SiO2_with_CHF3/CF4
Test Data of etching SiO2 with CHF3/CF4-Florine,https://wiki.nanofab.ucsb.edu/wiki/Test_Data_of_etching_SiO2_with_CHF3/CF4-Florine
Test Data of etching SiO2 with CHF3/CF4-Florine ICP Etcher,https://wiki.nanofab.ucsb.edu/wiki/Test_Data_of_etching_SiO2_with_CHF3/CF4-Florine_ICP_Etcher
Test Data of etching SiO2 with CHF3/CF4-ICP1,https://wiki.nanofab.ucsb.edu/wiki/Test_Data_of_etching_SiO2_with_CHF3/CF4-ICP1
Test Data of etching SiO2 with CHF3/CF4/O2,https://wiki.nanofab.ucsb.edu/wiki/Test_Data_of_etching_SiO2_with_CHF3/CF4/O2
Test Data of etching SiO2 with CHF3/CF4/O2 (using this recipe only for Fluorine etch of the underneath layer),https://wiki.nanofab.ucsb.edu/wiki/Test_Data_of_etching_SiO2_with_CHF3/CF4/O2_(using_this_recipe_only_for_Fluorine_etch_of_the_underneath_layer)
Test Page,https://wiki.nanofab.ucsb.edu/wiki/Test_Page
Thermal Evap 1,https://wiki.nanofab.ucsb.edu/wiki/Thermal_Evap_1
Thermal Evap 2 (Solder),https://wiki.nanofab.ucsb.edu/wiki/Thermal_Evap_2_(Solder)
Thermal Evaporation Recipes,https://wiki.nanofab.ucsb.edu/wiki/Thermal_Evaporation_Recipes
Thermal Evaporator 1,https://wiki.nanofab.ucsb.edu/wiki/Thermal_Evaporator_1
Thermal Evaporator 2,https://wiki.nanofab.ucsb.edu/wiki/Thermal_Evaporator_2
Thermal Processing,https://wiki.nanofab.ucsb.edu/wiki/Thermal_Processing
Thermal Processing Recipes,https://wiki.nanofab.ucsb.edu/wiki/Thermal_Processing_Recipes
Tino Sy,https://wiki.nanofab.ucsb.edu/wiki/Tino_Sy
Tom Reynolds,https://wiki.nanofab.ucsb.edu/wiki/Tom_Reynolds
Tony Bosch,https://wiki.nanofab.ucsb.edu/wiki/Tony_Bosch
Tool List,https://wiki.nanofab.ucsb.edu/wiki/Tool_List
Toxic Corrosive Benches,https://wiki.nanofab.ucsb.edu/wiki/Toxic_Corrosive_Benches
Troubleshooting and Recovery,https://wiki.nanofab.ucsb.edu/wiki/Troubleshooting_and_Recovery
Tube Furnace (Tystar 8300),https://wiki.nanofab.ucsb.edu/wiki/Tube_Furnace_(Tystar_8300)
Tube Furnace AlGaAs Oxidation (Linberg),https://wiki.nanofab.ucsb.edu/wiki/Tube_Furnace_AlGaAs_Oxidation_(Linberg)
Tube Furnace AlGaAs Oxidation (Lindberg),https://wiki.nanofab.ucsb.edu/wiki/Tube_Furnace_AlGaAs_Oxidation_(Lindberg)
Tube Furnace Wafer Bonding (Thermco),https://wiki.nanofab.ucsb.edu/wiki/Tube_Furnace_Wafer_Bonding_(Thermco)
Tutorial - How Photomasks are Made,https://wiki.nanofab.ucsb.edu/wiki/Tutorial_-_How_Photomasks_are_Made
Tutorials,https://wiki.nanofab.ucsb.edu/wiki/Tutorials
UCSB NanoFab Microscope Training,https://wiki.nanofab.ucsb.edu/wiki/UCSB_NanoFab_Microscope_Training
UCSB Nanofab Wiki:About,https://wiki.nanofab.ucsb.edu/wiki/UCSB_Nanofab_Wiki:About
UCSB Nanofab Wiki:General disclaimer,https://wiki.nanofab.ucsb.edu/wiki/UCSB_Nanofab_Wiki:General_disclaimer
UCSB Nanofab Wiki:Privacy policy,https://wiki.nanofab.ucsb.edu/wiki/UCSB_Nanofab_Wiki:Privacy_policy
UCSB NetID Login Troubleshooting,https://wiki.nanofab.ucsb.edu/wiki/UCSB_NetID_Login_Troubleshooting
UCSBTEST1Gain4.jpg,https://wiki.nanofab.ucsb.edu/wiki/UCSBTEST1Gain4.jpg
UV Ozone Quick Start,https://wiki.nanofab.ucsb.edu/wiki/UV_Ozone_Quick_Start
UV Ozone Reactor,https://wiki.nanofab.ucsb.edu/wiki/UV_Ozone_Reactor
Unaxis SOP 3-12-2020.docx,https://wiki.nanofab.ucsb.edu/wiki/Unaxis_SOP_3-12-2020.docx
Unaxis SiN100C 300nm-2019,https://wiki.nanofab.ucsb.edu/wiki/Unaxis_SiN100C_300nm-2019
Unaxis Test Recipe Page,https://wiki.nanofab.ucsb.edu/wiki/Unaxis_Test_Recipe_Page
Unaxis VLR Etch - Process Control Data,https://wiki.nanofab.ucsb.edu/wiki/Unaxis_VLR_Etch_-_Process_Control_Data
Unaxis VLR ICP-Etch,https://wiki.nanofab.ucsb.edu/wiki/Unaxis_VLR_ICP-Etch
Unaxis VLR ICP-PECVD,https://wiki.nanofab.ucsb.edu/wiki/Unaxis_VLR_ICP-PECVD
Unaxis wafer coating procedure,https://wiki.nanofab.ucsb.edu/wiki/Unaxis_wafer_coating_procedure
Usage Data and Statistics,https://wiki.nanofab.ucsb.edu/wiki/Usage_Data_and_Statistics
User Accessible Commands,https://wiki.nanofab.ucsb.edu/wiki/User_Accessible_Commands
Vacuum Deposition,https://wiki.nanofab.ucsb.edu/wiki/Vacuum_Deposition
Vacuum Deposition Recipes,https://wiki.nanofab.ucsb.edu/wiki/Vacuum_Deposition_Recipes
Vacuum Oven (YES),https://wiki.nanofab.ucsb.edu/wiki/Vacuum_Oven_(YES)
Vacuum Sealer,https://wiki.nanofab.ucsb.edu/wiki/Vacuum_Sealer
Vapor HF Etch,https://wiki.nanofab.ucsb.edu/wiki/Vapor_HF_Etch
Vapor HF Etch (uETCH),https://wiki.nanofab.ucsb.edu/wiki/Vapor_HF_Etch_(uETCH)
Video Training - Introduction (Internal),https://wiki.nanofab.ucsb.edu/wiki/Video_Training_-_Introduction_(Internal)
Video Training: Hosting with Zoom and GacuhoCast/Panopto,https://wiki.nanofab.ucsb.edu/wiki/Video_Training:_Hosting_with_Zoom_and_GacuhoCast/Panopto
Video Training: Uploading to GauchoCast/Panopto (Internal),https://wiki.nanofab.ucsb.edu/wiki/Video_Training:_Uploading_to_GauchoCast/Panopto_(Internal)
Vraj Mehalana,https://wiki.nanofab.ucsb.edu/wiki/Vraj_Mehalana
Wafer Bonder (Logitech WBS7),https://wiki.nanofab.ucsb.edu/wiki/Wafer_Bonder_(Logitech_WBS7)
Wafer Bonder (Logitech WSB7),https://wiki.nanofab.ucsb.edu/wiki/Wafer_Bonder_(Logitech_WSB7)
Wafer Bonder (SUSS SB6-8E),https://wiki.nanofab.ucsb.edu/wiki/Wafer_Bonder_(SUSS_SB6-8E)
Wafer Cleaver (PELCO Flip-Scribe),https://wiki.nanofab.ucsb.edu/wiki/Wafer_Cleaver_(PELCO_Flip-Scribe)
Wafer Cleaver Recipes (LSD-155LT),https://wiki.nanofab.ucsb.edu/wiki/Wafer_Cleaver_Recipes_(LSD-155LT)
Wafer Coating Process Traveler,https://wiki.nanofab.ucsb.edu/wiki/Wafer_Coating_Process_Traveler
Wafer Coating Process Traveler1,https://wiki.nanofab.ucsb.edu/wiki/Wafer_Coating_Process_Traveler1
Wafer Scanning process Traveler,https://wiki.nanofab.ucsb.edu/wiki/Wafer_Scanning_process_Traveler
Wafer Scanning/Coating Process Traveler ( combined/less detailed),https://wiki.nanofab.ucsb.edu/wiki/Wafer_Scanning/Coating_Process_Traveler_(_combined/less_detailed)
Wafer Toxic Corrosive Bench,https://wiki.nanofab.ucsb.edu/wiki/Wafer_Toxic_Corrosive_Bench
Wafer coating procedure,https://wiki.nanofab.ucsb.edu/wiki/Wafer_coating_procedure
Wafer scanning process traveler,https://wiki.nanofab.ucsb.edu/wiki/Wafer_scanning_process_traveler
Wet Benches,https://wiki.nanofab.ucsb.edu/wiki/Wet_Benches
Wet Etching Recipes,https://wiki.nanofab.ucsb.edu/wiki/Wet_Etching_Recipes
Wet Processing,https://wiki.nanofab.ucsb.edu/wiki/Wet_Processing
White-Light/Phase-Shift Interference Profilometer (Filmetrics Profilm3D),https://wiki.nanofab.ucsb.edu/wiki/White-Light/Phase-Shift_Interference_Profilometer_(Filmetrics_Profilm3D)
Wiki Admin,https://wiki.nanofab.ucsb.edu/wiki/Wiki_Admin
Wire Saw (Takatori),https://wiki.nanofab.ucsb.edu/wiki/Wire_Saw_(Takatori)
XeF2 Etch (Xetch),https://wiki.nanofab.ucsb.edu/wiki/XeF2_Etch_(Xetch)
YES Recipe Screenshots: STD-N2-O2,https://wiki.nanofab.ucsb.edu/wiki/YES_Recipe_Screenshots:_STD-N2-O2
YES Recipe Screenshots: STD-O2,https://wiki.nanofab.ucsb.edu/wiki/YES_Recipe_Screenshots:_STD-O2
YES-150C-Various-Resists,https://wiki.nanofab.ucsb.edu/wiki/YES-150C-Various-Resists
YES-SPR220-Various-Temps,https://wiki.nanofab.ucsb.edu/wiki/YES-SPR220-Various-Temps
